{
  "name": "less",
  "version": "1.7.3",
  "main": "./dist/less-1.7.0.js",
  "ignore": [
    "**/.*",
    "benchmark",
    "bin",
    "build",
    "lib",
    "test",
    "*.md",
    "LICENSE",
    "Gruntfile.js",
    "package.json",
    "bower.json"
  ],
  "homepage": "https://github.com/less/less.js",
  "_release": "1.7.3",
  "_resolution": {
    "type": "version",
    "tag": "v1.7.3",
    "commit": "e7ddf620c51ef98525d0a47d600389ac3ccb6b64"
  },
  "_source": "git://github.com/less/less.js.git",
  "_target": "~1.7.3",
  "_originalSource": "less.js",
  "_direct": true
}