{
  "name": "AngularJS",
  "devDependencies": {
    "jquery": "1.10.2",
    "lunr.js": "0.4.3",
    "open-sans-fontface": "1.0.4",
    "google-code-prettify": "1.0.1",
    "closure-compiler": "https://closure-compiler.googlecode.com/files/compiler-20130603.zip",
    "ng-closure-runner": "https://raw.github.com/angular/ng-closure-runner/v0.2.3/assets/ng-closure-runner.zip",
    "bootstrap": "3.1.1"
  },
  "homepage": "https://github.com/angular/angular.js",
  "version": "1.2.18",
  "_release": "1.2.18",
  "_resolution": {
    "type": "version",
    "tag": "v1.2.18",
    "commit": "b7fd72fb5afdfdf75ef4b889bb5a7b8cb7b8ed0a"
  },
  "_source": "git://github.com/angular/angular.js.git",
  "_target": "~1.2.18",
  "_originalSource": "angular-latest",
  "_direct": true
}